City_ID,City,Lat,Lng,Max Temp,Humidity,Cloudiness,Wind Speed,Country,Current Description
0,Dongsheng,39.8161,109.9776,68.61,17,33,19.93,CN,scattered clouds
1,Alpena,45.0617,-83.4327,53.94,46,1,1.99,US,clear sky
2,Puerto Ayora,-0.7393,-90.3518,75.54,89,76,5.99,EC,broken clouds
3,Hobart,-42.8794,147.3294,42.66,81,75,1.01,AU,broken clouds
4,Virginia Beach,36.8529,-75.978,93.27,48,40,13.8,US,scattered clouds
5,Port Alfred,-33.5906,26.891,63.1,71,1,23.71,ZA,clear sky
6,Jamestown,42.097,-79.2353,44.1,97,90,8.01,US,moderate rain
7,New Norfolk,-42.7826,147.0587,42.3,78,34,2.39,AU,scattered clouds
8,Ushuaia,-54.8,-68.3,29.86,100,90,24.16,AR,snow
9,Umm Lajj,25.0213,37.2685,86.4,59,100,7.49,SA,overcast clouds
10,Tuatapere,-46.1333,167.6833,49.82,90,100,10.45,NZ,light rain
11,Pampas,-12.4,-74.9,50.04,87,25,4.79,PE,scattered clouds
12,Qaanaaq,77.484,-69.3632,40.41,81,100,1.28,GL,overcast clouds
13,Kodiak,57.79,-152.4072,49.51,76,90,12.66,US,overcast clouds
14,Kastamonu,41.5,33.6667,52.2,92,100,3.24,TR,overcast clouds
15,Tuktoyaktuk,69.4541,-133.0374,30.2,74,90,10.36,CA,overcast clouds
16,Vostok,46.4856,135.8833,49.6,66,100,4.76,RU,overcast clouds
17,Vila Velha,-20.3297,-40.2925,76.95,88,20,5.99,BR,few clouds
18,Arroyo,41.6096,-4.7969,63.59,88,0,5.28,ES,clear sky
19,Mogwase,-25.185,27.2665,56.39,30,0,5.91,ZA,clear sky
20,Te Anau,-45.4167,167.7167,40.75,98,100,4.59,NZ,moderate rain
21,Alofi,-19.0595,-169.9187,80.49,78,81,3.44,NU,broken clouds
22,Kavieng,-2.5744,150.7967,83.64,75,100,13.06,PG,overcast clouds
23,Rezekne,56.5,27.3167,46.53,88,79,1.28,LV,broken clouds
24,Cherskiy,68.75,161.3,53.46,36,60,16.44,RU,broken clouds
25,Dogondoutchi,13.6393,4.0287,90.72,20,92,5.06,NE,overcast clouds
26,Assiniboia,49.6334,-105.9845,69.62,16,63,18.81,CA,broken clouds
27,Ahipara,-35.1667,173.1667,57.7,76,92,19.71,NZ,overcast clouds
28,Druzhba,52.0428,33.9453,57.43,95,98,5.17,UA,overcast clouds
29,Vardo,70.3705,31.1107,35.92,69,91,26.84,NO,overcast clouds
30,Bambous Virieux,-20.3428,57.7575,74.21,88,75,9.15,MU,broken clouds
31,Kruisfontein,-34.0033,24.7314,56.88,75,9,19.37,ZA,clear sky
32,Rikitea,-23.1203,-134.9692,76.46,74,53,21.94,PF,broken clouds
33,Vaini,-21.2,-175.2,78.96,69,40,4.61,TO,scattered clouds
34,Beloha,-25.1667,45.05,63.07,87,0,2.73,MG,clear sky
35,Hasaki,35.7333,140.8333,72.28,84,100,20.15,JP,overcast clouds
36,Lichuan,30.3,108.85,56.89,73,92,1.59,CN,overcast clouds
37,Mataura,-46.1927,168.8643,49.48,95,100,5.99,NZ,overcast clouds
38,Raga,8.4596,25.678,75.4,68,15,4.94,SS,few clouds
39,Clyde River,70.4692,-68.5914,32.23,93,20,3.44,CA,few clouds
40,Ribeira Grande,38.5167,-28.7,62.55,71,99,5.32,PT,overcast clouds
41,Mount Gambier,-37.8333,140.7667,40.91,93,0,0.0,AU,clear sky
42,Krasnyy Chikoy,50.3643,108.7512,46.58,67,100,2.3,RU,moderate rain
43,Zalantun,48.0,122.7167,53.89,67,70,6.17,CN,broken clouds
44,Wadena,46.4425,-95.1361,62.92,29,1,4.61,US,clear sky
45,Carnarvon,-24.8667,113.6333,68.07,100,90,8.05,AU,overcast clouds
46,Hithadhoo,-0.6,73.0833,82.06,76,83,15.9,MV,broken clouds
47,Saldanha,-33.0117,17.9442,59.05,85,16,4.03,ZA,few clouds
48,Touros,-5.1989,-35.4608,79.7,86,59,13.82,BR,broken clouds
49,Albany,42.6001,-73.9662,48.09,90,100,4.92,US,moderate rain
50,Tasiilaq,65.6145,-37.6368,42.96,89,100,22.97,GL,moderate rain
51,Mount Isa,-20.7333,139.5,64.17,25,60,12.66,AU,broken clouds
52,Dikson,73.5069,80.5464,20.97,94,100,4.5,RU,overcast clouds
53,Ishigaki,24.3448,124.1572,80.73,89,75,8.05,JP,broken clouds
54,Forbes,-33.3833,148.0167,45.19,58,4,5.82,AU,clear sky
55,Castro,-24.7911,-50.0119,69.26,63,69,14.36,BR,broken clouds
56,Porto Novo,6.4965,2.6036,84.02,83,76,5.86,BJ,broken clouds
57,Lasa,46.6166,10.7002,56.28,73,47,3.76,IT,scattered clouds
58,Algiers,36.7525,3.042,58.82,100,20,1.57,DZ,few clouds
59,Longyearbyen,78.2186,15.6401,31.84,55,75,9.22,SJ,broken clouds
60,Khorixas,-20.3667,14.9667,63.7,31,0,4.21,NA,clear sky
61,Nemuro,43.3236,145.575,44.37,92,96,16.02,JP,overcast clouds
62,Barrow,71.2906,-156.7887,30.22,86,90,8.05,US,overcast clouds
63,Asyut,27.181,31.1837,81.66,25,0,13.8,EG,clear sky
64,Nikolskoye,59.7035,30.7861,50.4,87,92,3.94,RU,light rain
65,Huaicheng,23.9051,112.1931,77.47,95,100,0.56,CN,overcast clouds
66,Faanui,-16.4833,-151.75,79.97,72,38,5.1,PF,scattered clouds
67,Shahrud,36.4182,54.9763,71.85,25,0,1.28,IR,clear sky
68,Richards Bay,-28.783,32.0377,68.16,79,48,8.75,ZA,scattered clouds
69,Butaritari,3.0707,172.7902,82.45,79,71,13.62,KI,light rain
70,Cueto,20.6439,-75.9356,81.12,77,22,11.7,CU,moderate rain
71,San Cristobal,7.7669,-72.225,69.58,93,97,2.33,VE,overcast clouds
72,Upernavik,72.7868,-56.1549,34.5,88,31,4.32,GL,scattered clouds
73,Khatanga,71.9667,102.5,40.41,77,100,12.77,RU,overcast clouds
74,Aginskoye,51.1,114.53,54.25,49,40,4.14,RU,scattered clouds
75,Beidao,34.5686,105.8933,63.19,79,100,0.89,CN,overcast clouds
76,Essen,51.45,7.0167,53.96,82,32,1.01,DE,scattered clouds
77,Busselton,-33.65,115.3333,60.08,88,55,8.61,AU,broken clouds
78,Noyabrsk,63.1994,75.4507,36.23,58,15,4.72,RU,few clouds
79,Ugoofaaru,5.6667,73.0,83.16,73,49,20.58,MV,scattered clouds
80,Husavik,66.0449,-17.3389,53.51,66,26,13.6,IS,scattered clouds
81,Cape Town,-33.9258,18.4232,59.11,94,75,1.01,ZA,light rain
82,Airai,-8.9266,125.4092,59.59,89,90,3.58,TL,overcast clouds
83,Sao Joao Da Barra,-21.6403,-41.0511,74.41,89,35,14.18,BR,scattered clouds
84,Mahajanga,-15.7167,46.3167,69.82,94,20,3.44,MG,few clouds
85,Ambon,-3.6954,128.1814,75.34,100,40,10.29,ID,light rain
86,Wajid,3.8093,43.2471,72.77,77,65,14.36,SO,broken clouds
87,Constitucion,-35.3333,-72.4167,53.17,79,61,5.41,CL,broken clouds
88,Beringovskiy,63.05,179.3167,32.79,88,19,12.75,RU,few clouds
89,Bethel,41.3712,-73.414,52.72,89,100,1.99,US,moderate rain
90,Kapaa,22.0752,-159.319,82.72,69,20,1.01,US,few clouds
91,Avera,33.194,-82.5271,88.48,45,94,7.7,US,overcast clouds
92,Chicama,-7.8447,-79.1469,63.14,83,54,6.73,PE,broken clouds
93,Kayerkan,69.3497,87.7602,30.43,99,100,9.48,RU,light snow
94,Hermanus,-34.4187,19.2345,57.9,86,2,13.82,ZA,light rain
95,Port Elizabeth,-33.918,25.5701,62.89,67,0,19.57,ZA,clear sky
96,Sioux Lookout,50.1001,-91.917,62.98,22,1,9.22,CA,clear sky
97,Saskylakh,71.9167,114.0833,37.47,69,39,10.18,RU,scattered clouds
98,Iralaya,15.0,-83.2333,84.29,73,2,8.84,HN,clear sky
99,Ous,60.9058,61.5186,50.7,81,100,7.25,RU,overcast clouds
100,Bluff,-46.6,168.3333,49.8,79,100,24.27,NZ,overcast clouds
101,East London,-33.0153,27.9116,63.48,64,1,14.0,ZA,clear sky
102,Clearwater,27.9659,-82.8001,85.15,72,40,7.0,US,scattered clouds
103,Avarua,-21.2078,-159.775,80.65,61,40,12.66,CK,scattered clouds
104,Namibe,-15.1961,12.1522,73.99,62,0,1.9,AO,clear sky
105,Georgetown,5.4112,100.3354,79.9,91,20,4.09,MY,few clouds
106,Chokurdakh,70.6333,147.9167,52.34,42,86,14.58,RU,overcast clouds
107,Nizhniy Tsasuchey,50.5167,115.1333,56.14,47,6,5.32,RU,clear sky
108,Narrabri,-30.3167,149.7833,49.51,57,60,8.05,AU,broken clouds
109,Budisov Nad Budisovkou,49.7951,17.6297,50.94,81,100,7.0,CZ,overcast clouds
110,Kedrovyy,56.1667,91.8167,36.01,86,99,7.87,RU,overcast clouds
111,Yulara,-25.2406,130.9889,46.24,71,0,8.05,AU,clear sky
112,Half Moon Bay,37.4636,-122.4286,84.02,67,75,8.05,US,broken clouds
113,Iqaluit,63.7506,-68.5145,26.33,80,75,18.41,CA,broken clouds
114,Esperance,-33.8667,121.9,60.64,73,100,15.01,AU,light rain
115,Atuona,-9.8,-139.0333,79.14,75,13,14.45,PF,few clouds
116,Ostrovnoy,68.0531,39.5131,35.44,78,98,15.1,RU,overcast clouds
117,Punta Arenas,-53.15,-70.9167,35.71,69,40,19.91,CL,scattered clouds
118,Suileng,47.25,127.0833,57.33,58,1,4.61,CN,clear sky
119,Belaya Gora,68.5333,146.4167,53.71,36,2,18.57,RU,clear sky
120,Polis,35.0367,32.4264,68.29,87,1,8.48,CY,clear sky
121,Eyl,7.9803,49.8164,79.39,77,47,14.65,SO,scattered clouds
122,Talnakh,69.4865,88.3972,32.58,97,100,9.71,RU,overcast clouds
123,Qaqortoq,60.7167,-46.0333,52.3,43,99,17.52,GL,overcast clouds
124,Bredasdorp,-34.5322,20.0403,58.32,77,7,11.18,ZA,clear sky
125,Mar Del Plata,-38.0023,-57.5575,55.0,37,40,7.0,AR,scattered clouds
126,Kieta,-6.2167,155.6333,78.58,90,100,2.37,PG,moderate rain
127,Mocuba,-16.8392,36.9856,61.02,93,0,3.44,MZ,clear sky
128,Nolinsk,57.5596,49.9363,56.03,94,78,4.63,RU,broken clouds
129,Sarkand,45.41,79.9186,60.94,60,95,3.6,KZ,overcast clouds
130,Itarema,-2.9248,-39.9167,79.39,79,3,11.34,BR,clear sky
131,Isangel,-19.55,169.2667,74.98,68,57,7.78,VU,broken clouds
132,Amga,60.8953,131.9608,60.4,52,44,5.39,RU,scattered clouds
133,Sao Filipe,14.8961,-24.4956,73.04,76,11,11.18,CV,few clouds
134,Pisco,-13.7,-76.2167,66.25,82,90,14.97,PE,overcast clouds
135,Pevek,69.7008,170.3133,37.76,75,84,0.34,RU,broken clouds
136,Trincomalee,8.5711,81.2335,81.46,79,84,20.47,LK,broken clouds
137,Griffith,41.5284,-87.4237,48.88,90,90,5.01,US,moderate rain
138,Muhos,64.808,25.9931,44.38,75,11,5.06,FI,few clouds
139,Geraldton,-28.7667,114.6,66.61,88,90,9.37,AU,overcast clouds
140,Igarka,67.4667,86.5833,30.09,97,100,16.02,RU,snow
141,Soe,-9.8607,124.284,65.68,91,99,4.23,ID,overcast clouds
142,Tilichiki,60.4667,166.1,39.09,80,100,4.34,RU,overcast clouds
143,Roald,62.5833,6.1333,51.91,87,5,17.27,NO,clear sky
144,Maniitsoq,65.4167,-52.9,38.84,82,48,16.73,GL,scattered clouds
145,Nishihara,26.1842,127.7558,82.06,87,75,7.61,JP,broken clouds
146,Vila Franca Do Campo,37.7167,-25.4333,59.41,73,100,5.26,PT,overcast clouds
147,Kutum,14.2,24.6667,78.67,11,31,9.46,SD,scattered clouds
148,Madiun,-7.6298,111.5239,74.43,91,81,2.84,ID,broken clouds
149,Severo-Kurilsk,50.6789,156.125,41.22,78,87,8.1,RU,overcast clouds
150,Baillif,16.0202,-61.7463,80.1,69,11,10.09,GP,few clouds
151,Turmalina,-17.2856,-42.73,70.66,63,81,3.13,BR,broken clouds
152,Shingu,33.7333,135.9833,70.92,74,100,3.89,JP,overcast clouds
153,Tarauaca,-8.1614,-70.7656,78.24,75,67,1.81,BR,broken clouds
154,Mehamn,71.0357,27.8492,35.33,67,99,21.45,NO,overcast clouds
155,Tautira,-17.7333,-149.15,86.02,75,30,7.74,PF,scattered clouds
156,Marsaxlokk,35.8419,14.5431,69.08,88,0,10.36,MT,clear sky
157,Lonar,19.9833,76.5333,82.58,56,100,9.69,IN,overcast clouds
158,Mackay,-21.15,149.2,67.68,52,20,10.36,AU,few clouds
159,Tiksi,71.6872,128.8694,32.86,96,100,13.42,RU,overcast clouds
160,Tighnabruaich,55.9016,-5.2398,55.2,94,100,4.23,GB,overcast clouds
161,Ponta Do Sol,32.6667,-17.1,69.01,79,90,2.68,PT,overcast clouds
162,Saint Anthony,45.0205,-93.218,62.89,37,1,1.01,US,clear sky
163,Saint-Philippe,-21.3585,55.7679,69.39,77,24,3.44,RE,few clouds
164,Carutapera,-1.195,-46.02,75.69,92,80,5.82,BR,broken clouds
165,Montepuez,-13.1256,38.9997,60.4,97,24,2.59,MZ,few clouds
166,La Peca,-5.6111,-78.435,75.45,71,37,3.78,PE,light rain
167,Provideniya,64.3833,-173.3,46.36,39,6,12.48,RU,clear sky
168,Boyolangu,-8.1181,111.8935,74.77,94,85,0.83,ID,overcast clouds
169,Shaunavon,49.6501,-108.4181,60.58,26,40,21.7,CA,scattered clouds
170,Tsaratanana,-16.7833,47.65,67.1,75,0,4.34,MG,clear sky
171,Zeya,53.75,127.2667,46.83,90,100,6.15,RU,overcast clouds
172,Palmer,42.1584,-72.3287,53.8,82,90,1.01,US,moderate rain
173,Mosalsk,54.4881,34.9817,55.26,93,100,2.64,RU,overcast clouds
174,Ust-Koksa,50.2696,85.6108,46.04,85,1,1.74,RU,clear sky
175,Grindavik,63.8424,-22.4338,51.57,93,90,48.21,IS,moderate rain
176,Klaksvik,62.2266,-6.589,45.52,89,29,16.2,FO,scattered clouds
177,Marawi,7.9986,124.2928,71.65,92,98,0.6,PH,overcast clouds
178,Dubbo,-32.25,148.6167,41.13,70,18,11.5,AU,few clouds
179,Kikwit,-5.041,18.8162,72.14,53,41,1.48,CD,scattered clouds
180,Urucara,-2.5364,-57.76,77.18,82,30,0.6,BR,scattered clouds
181,Kabelvag,68.2114,14.4817,43.54,77,13,3.44,NO,few clouds
182,Matara,5.9485,80.5353,78.75,88,93,13.15,LK,overcast clouds
183,Djambala,-2.5447,14.7533,73.27,68,98,1.43,CG,overcast clouds
184,Kumluca,36.3703,30.2869,69.3,76,5,1.5,TR,clear sky
185,Alghero,40.5589,8.3181,62.1,68,9,2.93,IT,clear sky
186,Yellowknife,62.456,-114.3525,60.33,36,40,3.0,CA,scattered clouds
187,Fort Morgan,40.2503,-103.8,83.8,26,1,12.66,US,clear sky
188,Dimayon,8.0667,124.15,73.78,88,99,0.58,PH,overcast clouds
189,Pemangkat,1.1667,108.9667,77.7,88,99,4.68,ID,overcast clouds
190,Port-Gentil,-0.7193,8.7815,78.53,86,89,10.71,GA,overcast clouds
191,Ancud,-41.8697,-73.8203,47.73,70,70,7.49,CL,broken clouds
192,Baker City,44.7749,-117.8344,65.16,40,1,5.75,US,clear sky
193,Guerrero Negro,27.9769,-114.0611,66.15,63,20,21.92,MX,few clouds
194,Ayna,-12.65,-73.9167,60.26,84,21,2.1,PE,few clouds
195,Samarai,-10.6167,150.6667,78.04,74,83,14.18,PG,broken clouds
196,Denkendorf,48.6955,9.3168,54.36,80,0,1.01,DE,clear sky
197,Hanmer Springs,-42.5167,172.8167,42.1,98,100,3.56,NZ,moderate rain
198,Logan,41.7355,-111.8344,82.08,35,1,4.0,US,clear sky
199,Lebu,-37.6167,-73.65,52.79,87,95,5.88,CL,overcast clouds
200,Saint-Augustin,51.226,-58.6502,47.08,39,97,15.7,CA,overcast clouds
201,Apache Junction,33.4151,-111.5496,101.14,6,1,11.01,US,clear sky
202,Kuminskiy,58.6667,66.5667,51.1,76,61,4.61,RU,broken clouds
203,Norman Wells,65.282,-126.8329,41.04,60,75,12.66,CA,broken clouds
204,Poum,-20.2333,164.0167,72.72,61,28,14.47,NC,scattered clouds
205,North Bend,43.4065,-124.2243,74.95,70,1,32.21,US,clear sky
206,Pangnirtung,66.1451,-65.7125,30.16,90,95,4.43,CA,overcast clouds
207,Thompson,55.7435,-97.8558,60.96,29,75,14.97,CA,broken clouds
208,Ramhormoz,31.28,49.6035,90.68,9,0,4.81,IR,clear sky
209,Lander,42.833,-108.7307,72.16,24,1,25.32,US,clear sky
210,Salinopolis,-0.6136,-47.3561,78.24,86,47,10.76,BR,moderate rain
211,Grand Gaube,-20.0064,57.6608,74.37,78,18,5.01,MU,few clouds
212,Upata,8.0086,-62.3989,75.07,82,69,5.37,VE,broken clouds
213,Grande Prairie,55.1667,-118.8027,55.58,62,75,21.85,CA,broken clouds
214,Marzuq,14.4,46.4667,78.33,32,100,4.97,YE,overcast clouds
215,Portland,45.5234,-122.6762,71.64,46,75,3.0,US,broken clouds
216,Kahului,20.8947,-156.47,87.82,57,40,24.16,US,scattered clouds
217,Mahebourg,-20.4081,57.7,74.25,88,75,2.3,MU,broken clouds
218,Blackwater,-23.5833,148.8833,61.93,43,96,11.1,AU,overcast clouds
219,Hamilton,39.1834,-84.5333,57.99,94,90,5.99,US,moderate rain
220,Walvis Bay,-22.9575,14.5053,54.55,87,6,11.01,NA,clear sky
221,Asfi,32.2994,-9.2372,65.64,90,89,4.74,MA,overcast clouds
222,Kholm,59.2667,32.85,47.79,89,96,4.63,RU,overcast clouds
223,Jiaohe,43.7286,127.3447,52.86,88,100,2.89,CN,moderate rain
224,Acapulco,16.8634,-99.8901,87.62,70,40,10.58,MX,scattered clouds
225,Berdigestyakh,62.0989,126.6992,61.54,46,59,4.7,RU,broken clouds
226,Victor Harbor,-35.5667,138.6167,49.8,83,79,6.69,AU,broken clouds
227,Chabahar,25.2919,60.643,84.97,77,0,9.26,IR,clear sky
228,Dole,47.0833,5.5,60.12,76,0,9.22,FR,clear sky
229,Jardim,-21.4803,-56.1381,79.59,45,73,5.39,BR,broken clouds
230,Ilulissat,69.2167,-51.1,46.42,49,3,0.0,GL,clear sky
231,Liwale,-9.7667,37.9333,58.87,75,8,2.01,TZ,clear sky
232,Cidreira,-30.1811,-50.2056,63.32,95,100,4.83,BR,heavy intensity rain
233,Lumby,50.2498,-118.969,65.41,54,100,4.54,CA,overcast clouds
234,Manor,19.75,72.9167,83.77,75,99,3.42,IN,overcast clouds
235,Capesterre-Belle-Eau,16.0432,-61.566,80.62,69,8,10.42,GP,clear sky
236,Sept-Iles,50.2001,-66.3821,47.25,47,75,8.01,CA,broken clouds
237,Saint George,37.1041,-113.5841,99.07,9,1,5.99,US,clear sky
238,Frankfort,-27.2667,28.4833,48.72,42,1,4.5,ZA,clear sky
239,Axim,4.8699,-2.2405,80.74,85,44,8.25,GH,scattered clouds
240,Altamont,42.2068,-121.7372,74.77,10,1,5.75,US,clear sky
241,Catamarca,-28.4696,-65.7852,68.77,58,95,4.0,AR,overcast clouds
242,Srednekolymsk,67.45,153.6833,54.07,35,12,19.19,RU,few clouds
243,Parambu,-6.2111,-40.6944,76.21,58,71,1.92,BR,broken clouds
244,Antalaha,-14.9003,50.2788,69.78,87,6,6.13,MG,clear sky
245,Oum Hadjer,13.2954,19.6966,92.08,18,43,9.51,TD,scattered clouds
246,Diamantino,-14.4086,-56.4461,75.74,53,99,5.12,BR,overcast clouds
247,Hilo,19.7297,-155.09,84.27,67,20,9.22,US,few clouds
248,Omboue,-1.5746,9.2618,75.96,93,99,3.4,GA,overcast clouds
249,Praia Da Vitoria,38.7333,-27.0667,61.75,82,20,5.55,PT,few clouds
250,Tiznit,29.5833,-9.5,64.26,81,100,2.57,MA,overcast clouds
251,Hambantota,6.1241,81.1185,79.61,83,98,19.13,LK,overcast clouds
252,Labrea,-7.2586,-64.7981,78.76,77,77,2.35,BR,broken clouds
253,Bengkulu,-3.8004,102.2655,75.38,90,93,2.28,ID,overcast clouds
254,Sobolevo,54.4299,31.8996,53.94,85,100,6.87,RU,light rain
255,Cabo San Lucas,22.8909,-109.9124,97.81,19,1,3.44,MX,clear sky
256,Nouakchott,18.0858,-15.9785,67.93,79,78,18.54,MR,broken clouds
257,Lagoa,39.05,-27.9833,61.75,74,68,8.7,PT,broken clouds
258,Morondava,-20.2833,44.2833,68.52,86,0,6.17,MG,clear sky
259,Port Hedland,-20.3167,118.5667,73.45,43,86,11.5,AU,overcast clouds
260,Kuusamo,65.9667,29.1833,37.44,70,20,11.5,FI,few clouds
261,Lavrentiya,65.5833,-171.0,33.48,84,8,10.67,RU,clear sky
262,Prince Rupert,54.3161,-130.3201,55.49,66,75,6.91,CA,broken clouds
263,Muncar,-8.4333,114.3333,76.46,92,95,1.36,ID,overcast clouds
264,Leningradskiy,69.3833,178.4167,32.45,88,27,13.51,RU,scattered clouds
265,Somanda,-3.3667,33.95,66.83,72,52,3.53,TZ,broken clouds
266,San Patricio,28.017,-97.5169,86.09,68,80,17.36,US,broken clouds
267,Mormugao,15.4,73.8,81.77,78,95,5.26,IN,overcast clouds
268,Minab,27.1467,57.0801,85.5,33,0,0.56,IR,clear sky
269,Waddan,29.1614,16.139,89.17,14,46,14.32,LY,scattered clouds
270,Deer Lake,49.1667,-57.4316,40.86,52,20,12.66,CA,few clouds
271,Solnechnyy,50.7214,136.6319,56.77,63,33,5.19,RU,scattered clouds
272,Kpalime,6.9,0.6333,74.79,95,88,1.7,TG,overcast clouds
273,Dajal,29.5577,70.3762,96.69,17,18,3.31,PK,few clouds
274,Merauke,-8.4667,140.3333,78.13,82,78,13.98,ID,broken clouds
275,Disraeli,45.9001,-71.3491,53.22,36,90,1.99,CA,overcast clouds
276,Kupang,-10.1667,123.5833,77.58,78,20,9.22,ID,few clouds
277,Zlobin,45.2924,14.6541,51.1,67,0,5.91,HR,clear sky
278,Nizhneangarsk,55.7833,109.55,44.26,54,100,1.14,RU,overcast clouds
279,Kaitangata,-46.2817,169.8464,53.92,78,100,11.32,NZ,moderate rain
280,Pacasmayo,-7.4006,-79.5714,68.0,85,64,11.7,PE,broken clouds
281,Huarmey,-10.0681,-78.1522,68.22,84,14,9.46,PE,few clouds
282,Nioro,13.35,-15.75,80.94,44,1,9.89,GM,clear sky
283,Chuy,-33.6971,-53.4616,56.84,87,100,7.05,UY,overcast clouds
284,Paamiut,61.994,-49.6678,41.97,75,64,9.86,GL,broken clouds
285,Vao,-22.6667,167.4833,71.29,68,11,21.65,NC,few clouds
286,Otane,-39.8833,176.6333,59.02,76,98,5.82,NZ,overcast clouds
287,Kapit,2.0167,112.9333,73.96,99,70,0.81,MY,broken clouds
288,Kaduqli,11.0167,29.7167,87.87,33,9,4.83,SD,clear sky
289,Guayaquil,-2.1667,-79.9,82.69,71,20,8.05,EC,few clouds
290,Playa Vicente,17.8333,-95.8167,96.57,40,34,4.54,MX,scattered clouds
291,Nizhniy Kuranakh,58.8353,125.4869,54.75,67,35,0.69,RU,scattered clouds
292,Miandrivazo,-19.5167,45.4667,66.06,78,0,0.63,MG,clear sky
293,San Francisco,37.7749,-122.4194,88.38,73,75,3.0,US,broken clouds
294,Roebourne,-20.7833,117.1333,74.61,65,99,9.75,AU,overcast clouds
295,Burnie,-41.0667,145.9167,44.94,64,1,3.13,AU,clear sky
296,Sitka,57.0531,-135.33,48.09,76,90,11.5,US,light rain
297,Luderitz,-26.6481,15.1594,62.11,54,81,11.25,NA,broken clouds
298,Labuhan,-6.8844,112.2051,77.7,89,97,6.49,ID,overcast clouds
299,Broome,42.2506,-75.833,48.16,88,90,1.01,US,moderate rain
300,Abu Samrah,35.3029,37.1841,65.62,69,0,10.56,SY,clear sky
301,Ambovombe,-25.1667,46.0833,64.9,79,0,5.44,MG,clear sky
302,Skerries,53.5828,-6.1083,53.19,94,85,10.13,IE,overcast clouds
303,Tortoli,39.9256,9.6572,65.98,65,39,3.91,IT,scattered clouds
304,Lagos,6.5833,3.75,80.92,90,100,4.81,NG,overcast clouds
305,Laguna De Perlas,12.3429,-83.6712,80.64,81,33,11.01,NI,light rain
306,Arraial Do Cabo,-22.9661,-42.0278,75.16,94,0,26.49,BR,clear sky
307,Akyab,20.15,92.9,81.1,85,63,3.24,MM,broken clouds
308,Makat,47.6469,53.3463,71.94,54,0,2.28,KZ,clear sky
309,Arman,59.7,150.1667,38.32,97,100,3.96,RU,light rain
310,Asau,46.4333,26.4,58.75,96,100,1.81,RO,overcast clouds
311,Mbuji-Mayi,-6.15,23.6,72.0,56,38,3.71,CD,scattered clouds
312,Ciudad Bolivar,8.1222,-63.5497,86.65,53,44,11.86,VE,scattered clouds
313,Tongzi,28.7829,105.0877,69.66,90,80,1.74,CN,broken clouds
314,Tongliao,43.6125,122.2653,62.08,39,9,7.61,CN,clear sky
315,Waingapu,-9.6567,120.2641,77.34,84,100,10.76,ID,overcast clouds
316,Zaysan,47.4667,84.8667,52.88,42,2,3.89,KZ,clear sky
317,Whitehorse,60.7161,-135.0538,59.02,34,75,15.01,CA,broken clouds
318,Cayenne,4.9333,-52.3333,80.1,84,75,5.01,GF,broken clouds
319,Hun,29.1268,15.9477,90.1,13,55,15.32,LY,broken clouds
320,Bam,29.106,58.357,82.96,16,0,7.99,IR,clear sky
321,Nanortalik,60.1432,-45.2371,36.9,90,95,9.28,GL,overcast clouds
322,Meadow Lake,34.8014,-106.5436,90.37,9,3,9.95,US,clear sky
323,Sakakah,29.9697,40.2064,81.97,13,22,5.21,SA,few clouds
324,Mattru,7.6244,-11.8332,76.59,95,70,2.75,SL,light rain
325,Bilma,18.6853,12.9164,88.07,8,67,6.6,NE,broken clouds
326,Dragutesti,44.9667,23.2333,53.19,83,17,5.41,RO,few clouds
327,Biloela,-24.4167,150.5,62.92,51,82,13.94,AU,broken clouds
328,Kattivakkam,13.2167,80.3167,85.06,78,70,15.32,IN,broken clouds
329,Valparaiso,-33.0393,-71.6273,58.64,77,0,14.0,CL,clear sky
330,Isla Aguada,18.7833,-91.4667,91.44,69,57,14.25,MX,broken clouds
331,Xai-Xai,-25.0519,33.6442,66.29,45,0,9.78,MZ,clear sky
332,Khani,41.9563,42.9566,53.17,76,69,6.62,GE,broken clouds
333,Roma,43.2128,-75.4557,46.65,92,90,3.44,US,heavy intensity rain
334,Bambanglipuro,-7.95,110.2833,57.6,92,85,2.75,ID,overcast clouds
335,Dobryanka,58.4619,56.4165,44.46,94,88,5.46,RU,overcast clouds
336,Opuwo,-18.0607,13.84,62.15,31,0,6.62,NA,clear sky
337,Usinsk,65.9939,57.5281,42.89,86,100,23.82,RU,overcast clouds
338,Drayton Valley,53.2168,-114.9854,50.92,65,100,16.55,CA,light rain
339,Mizdah,31.4451,12.9801,81.86,21,54,2.3,LY,broken clouds
340,Morgan City,29.6994,-91.2068,84.99,54,1,8.46,US,clear sky
341,Verkh-Chebula,56.0308,87.6218,38.5,66,91,8.08,RU,overcast clouds
342,Torbat-E Jam,35.244,60.6225,75.85,28,0,12.41,IR,clear sky
343,Kasongo,-4.45,26.6667,75.07,63,100,2.46,CD,overcast clouds
344,Havre-Saint-Pierre,50.2334,-63.5986,48.56,40,40,20.71,CA,scattered clouds
345,Victoria,22.2855,114.1577,88.32,83,93,1.01,HK,overcast clouds
346,Gazli,40.1333,63.45,84.13,22,9,9.24,UZ,clear sky
347,Sawtell,-30.3833,153.1,60.82,55,40,17.27,AU,scattered clouds
348,Codrington,-38.2667,141.9667,45.37,79,13,2.95,AU,few clouds
349,Poquoson,37.1224,-76.3458,93.25,37,40,20.71,US,scattered clouds
350,Necochea,-38.5473,-58.7368,51.04,66,33,25.21,AR,scattered clouds
351,Chapleau,47.8405,-83.4034,57.29,21,1,12.66,CA,clear sky
352,Awbari,26.5921,12.7805,89.02,11,39,11.83,LY,scattered clouds
353,Hamada,34.8833,132.0833,66.99,79,34,14.65,JP,scattered clouds
354,Poya,-21.35,165.15,73.17,58,21,8.12,NC,few clouds
355,Port Hardy,50.6996,-127.4199,51.98,82,75,10.36,CA,broken clouds
356,Aracruz,-19.8203,-40.2733,76.21,93,49,2.01,BR,scattered clouds
357,Fairbanks,64.8378,-147.7164,47.25,41,90,11.5,US,overcast clouds
358,Kawerau,-38.1,176.7,60.1,99,100,3.0,NZ,light rain
359,Barranco,9.5167,-82.7,80.35,81,98,3.29,PA,overcast clouds
360,Siauliai,55.9333,23.3167,46.42,93,30,4.61,LT,scattered clouds
361,Port Lincoln,-34.7333,135.8667,57.15,74,58,11.05,AU,broken clouds
362,Colatina,-19.5394,-40.6306,71.89,80,34,2.89,BR,scattered clouds
363,Lorengau,-2.0226,147.2712,82.22,82,95,11.03,PG,overcast clouds
364,Brae,60.3964,-1.353,44.51,91,24,4.79,GB,few clouds
365,Killybegs,54.6333,-8.45,52.95,94,99,5.59,IE,overcast clouds
366,Waipawa,-41.4122,175.5153,51.03,75,100,6.62,NZ,moderate rain
367,Alyangula,-13.8483,136.4192,76.87,73,100,14.54,AU,overcast clouds
368,Portel,-1.9356,-50.8211,75.04,93,37,3.22,BR,scattered clouds
369,Xining,36.6167,101.7667,54.16,62,100,2.95,CN,overcast clouds
370,Morehead,37.2711,-87.1764,64.15,90,90,3.0,US,overcast clouds
371,Maloy,61.9353,5.1136,53.33,82,7,13.85,NO,clear sky
372,Wagar,16.1525,36.2032,93.34,27,3,6.71,SD,clear sky
373,Requena,39.4883,-1.1004,57.85,69,26,1.81,ES,scattered clouds
374,Puntarenas,9.9763,-84.8384,80.53,72,99,7.23,CR,overcast clouds
375,Santiago Del Estero,-27.7951,-64.2615,72.21,44,66,14.27,AR,broken clouds
376,Senanga,-16.1167,23.2667,53.91,39,0,4.09,ZM,clear sky
377,Dunedin,-45.8742,170.5036,50.81,76,99,5.99,NZ,overcast clouds
378,Joshimath,30.5667,79.5667,64.17,58,14,5.57,IN,few clouds
379,Bubaque,11.2833,-15.8333,78.89,77,6,16.22,GW,clear sky
380,Hobyo,5.3505,48.5268,78.75,81,35,17.22,SO,scattered clouds
381,Bagdarin,54.4333,113.6,51.84,50,49,0.63,RU,scattered clouds
382,Savinka,50.0785,47.0994,63.48,81,100,6.67,RU,overcast clouds
383,Churapcha,62.0025,132.4325,61.48,45,32,7.65,RU,scattered clouds
384,Oga,46.4631,10.347,51.69,85,67,2.26,IT,broken clouds
385,Katsuura,35.1333,140.3,74.1,85,100,20.29,JP,moderate rain
386,Sassandra,4.95,-6.0833,80.6,85,100,7.23,CI,overcast clouds
387,Jaguaribe,-5.8906,-38.6219,82.9,53,99,5.82,BR,overcast clouds
388,Kirakira,-10.4544,161.9205,78.35,84,100,7.83,SB,moderate rain
389,Saint-Francois,46.4154,3.9054,53.67,85,0,0.0,FR,clear sky
390,Lazaro Cardenas,17.9583,-102.2,86.49,62,17,11.68,MX,few clouds
391,Chapais,49.7834,-74.8492,47.98,27,3,9.46,CA,clear sky
392,Jining,35.405,116.5814,77.0,1,68,1.01,CN,broken clouds
393,Antofagasta,-23.65,-70.4,61.88,84,7,4.27,CL,clear sky
394,Kolokani,13.5728,-8.0339,93.6,28,100,4.59,ML,overcast clouds
395,Ust-Kulom,61.6864,53.6902,51.42,98,92,5.84,RU,overcast clouds
396,Balkhash,46.844,74.9804,62.98,40,84,20.51,KZ,broken clouds
397,Shache,38.4167,77.2406,73.54,19,17,5.06,CN,few clouds
398,Enshi,30.3,109.4833,62.17,79,91,1.36,CN,overcast clouds
399,Trelew,-43.249,-65.3051,41.61,43,18,16.78,AR,few clouds
400,Cuiluan,47.72,128.648,51.84,81,100,0.38,CN,light rain
401,Adeje,28.1227,-16.726,66.02,68,20,4.0,ES,few clouds
402,Wuda,39.4994,106.7117,71.58,17,63,2.33,CN,broken clouds
403,Lata,40.1629,-8.3327,58.91,96,7,3.09,PT,clear sky
404,Tombouctou,20.0,-3.0,94.12,15,40,9.04,ML,scattered clouds
405,Lokosovo,61.1333,74.8167,34.66,65,37,4.41,RU,scattered clouds
406,Feijo,-8.1642,-70.3536,79.2,69,62,1.72,BR,broken clouds
407,Lambarene,-0.7001,10.2406,74.97,98,98,3.65,GA,light rain
408,Pryozerne,45.2698,36.3303,63.54,84,39,3.0,UA,scattered clouds
409,Kudahuvadhoo,2.6708,72.8944,83.34,75,95,21.34,MV,overcast clouds
410,Sambava,-14.2667,50.1667,71.24,87,8,7.92,MG,clear sky
411,Halifax,44.6453,-63.5724,54.52,48,88,1.99,CA,overcast clouds
412,Sakyla,61.0333,22.3333,45.99,75,1,6.53,FI,clear sky
413,Pacific Grove,36.6177,-121.9166,81.16,76,20,3.0,US,few clouds
414,Lompoc,34.6391,-120.4579,72.01,82,90,14.97,US,overcast clouds
415,Haines Junction,60.7522,-137.5108,53.55,32,100,16.11,CA,overcast clouds
416,Adrar,20.5022,-10.0711,93.0,12,91,6.98,MR,overcast clouds
417,Bay Roberts,47.5999,-53.2648,46.02,61,8,11.01,CA,clear sky
418,Nacozari,25.3366,-108.2574,94.1,33,13,12.12,MX,few clouds
419,Bindi,9.9167,-11.45,75.15,90,97,2.35,SL,light rain
420,Ploemeur,47.7333,-3.4333,59.95,78,0,6.91,FR,clear sky
421,Margate,51.3813,1.3862,54.3,81,100,1.01,GB,overcast clouds
422,Tiarei,-17.5333,-149.3333,86.02,75,29,6.22,PF,scattered clouds
423,Aklavik,68.2191,-135.0107,34.52,69,90,9.22,CA,overcast clouds
424,Hokitika,-42.7167,170.9667,50.0,80,100,9.19,NZ,light rain
425,Muravlenko,63.7898,74.523,36.93,53,27,6.73,RU,scattered clouds
426,Mahibadhoo,3.7833,72.9667,83.17,75,99,21.14,MV,overcast clouds
427,Paramirim,-13.4425,-42.2389,71.17,50,24,5.28,BR,few clouds
428,Mogadishu,2.0371,45.3438,78.31,80,82,12.53,SO,broken clouds
429,Deputatskiy,69.3,139.9,47.93,46,28,18.21,RU,scattered clouds
430,Beira,-19.8436,34.8389,64.49,88,0,7.83,MZ,clear sky
431,Zhigansk,66.7697,123.3711,46.51,69,1,17.69,RU,clear sky
432,Kununurra,-15.7667,128.7333,73.38,31,64,12.66,AU,broken clouds
433,Shushtar,32.0455,48.8567,90.61,11,0,3.31,IR,clear sky
434,Batemans Bay,-35.7167,150.1833,52.92,57,6,11.18,AU,clear sky
435,Kalamata,37.0389,22.1142,69.12,39,36,3.44,GR,scattered clouds
436,Semaria,24.3073,79.9718,80.74,61,66,2.75,IN,broken clouds
437,Iquique,-20.2208,-70.1431,64.44,79,39,3.58,CL,scattered clouds
438,Dauphin,51.1494,-100.0502,69.94,24,1,23.02,CA,clear sky
439,Teya,60.3778,92.6267,32.5,91,100,8.7,RU,light snow
440,Sungairaya,0.7,108.9,77.56,88,100,3.44,ID,overcast clouds
441,Kaabong,3.4836,34.1492,66.15,65,55,7.76,UG,broken clouds
442,Muroto,33.2833,134.15,73.44,80,96,11.59,JP,overcast clouds
443,Konstantinovka,49.6167,127.9833,57.61,66,69,1.54,RU,broken clouds
444,Salalah,17.0151,54.0924,82.49,89,20,1.14,OM,few clouds
445,Plettenberg Bay,-34.0527,23.3716,59.32,83,14,12.01,ZA,few clouds
446,Buraydah,26.326,43.975,91.85,15,89,8.39,SA,overcast clouds
447,Przasnysz,53.0191,20.8803,49.8,93,98,7.29,PL,overcast clouds
448,Kollam,8.8833,76.6,78.67,83,79,10.07,IN,broken clouds
449,Alta Floresta,-9.8756,-56.0861,73.04,73,98,2.66,BR,overcast clouds
450,Peleduy,59.6289,112.7406,57.29,52,72,2.39,RU,broken clouds
451,Giyani,-23.3025,30.7187,61.36,26,5,6.73,ZA,clear sky
452,Anloga,5.7947,0.8973,82.24,82,90,9.17,GH,overcast clouds
453,Santarem,-2.4431,-54.7083,78.93,94,40,2.3,BR,scattered clouds
454,Araouane,18.9048,-3.5265,97.9,16,57,12.01,ML,broken clouds
455,Nome,64.5011,-165.4064,56.1,30,1,25.32,US,clear sky
456,Strezhevoy,60.7333,77.5889,35.58,66,8,5.1,RU,clear sky
457,Kloulklubed,7.0419,134.2556,77.5,77,100,7.16,PW,light rain
458,Port Moresby,-9.4431,147.1797,77.94,66,71,13.24,PG,broken clouds
459,Kodinsk,58.6881,99.1844,35.62,97,100,10.13,RU,overcast clouds
460,Bukama,-9.2,25.85,62.96,49,11,3.11,CD,few clouds
461,Yumen,40.2833,97.2,67.44,22,6,7.72,CN,clear sky
462,Matay,28.419,30.7792,76.62,36,0,10.25,EG,clear sky
463,Tabou,4.423,-7.3528,80.08,86,93,8.25,CI,light rain
464,Karratha,-20.7377,116.8463,74.55,70,99,10.22,AU,overcast clouds
465,Talpa,28.8257,-111.6257,104.58,17,5,5.99,MX,clear sky
466,Pagudpud,18.5616,120.7868,82.36,72,55,3.24,PH,broken clouds
467,Santa Rosa,14.3122,121.1114,88.09,73,14,6.49,PH,few clouds
468,Mae Sai,20.4335,99.8762,76.32,95,79,0.87,TH,broken clouds
469,Saucillo,28.0167,-105.2833,97.74,8,0,8.61,MX,clear sky
470,Akdepe,42.0551,59.3788,77.09,31,0,5.75,TM,clear sky
471,Uong Bi,21.0333,106.7833,84.18,90,79,3.11,VN,broken clouds
472,Espanola,35.9911,-106.0806,83.59,14,67,6.91,US,broken clouds
473,Tessalit,20.1986,1.0114,94.03,6,100,14.81,ML,overcast clouds
474,Talara,-4.5772,-81.2719,68.63,90,14,17.05,PE,few clouds
475,Kalmunai,7.4167,81.8167,80.26,78,97,6.31,LK,overcast clouds
476,Iskateley,67.6803,53.1512,38.84,95,100,8.21,RU,overcast clouds
477,Kasongo-Lunda,-6.4667,16.8167,69.33,54,55,2.01,CD,broken clouds
478,Kapustin Yar,48.5831,45.7372,62.82,84,90,6.06,RU,overcast clouds
479,Nortelandia,-14.4547,-56.8028,76.46,53,94,3.62,BR,overcast clouds
480,Chuzhou,32.3219,118.2978,72.18,89,50,8.5,CN,scattered clouds
481,San Andres,12.5847,-81.7006,81.46,81,63,14.52,CO,broken clouds
482,Payo,-3.7508,103.6372,72.48,97,100,1.92,ID,overcast clouds
483,Taree,-31.9,152.4667,58.06,62,40,14.97,AU,scattered clouds
484,Bonga,7.2833,36.2333,58.46,98,43,1.52,ET,scattered clouds
485,Yatou,37.15,122.3833,64.92,63,16,9.06,CN,few clouds
486,Sosnovo-Ozerskoye,52.5249,111.5418,48.04,43,59,3.2,RU,broken clouds
487,Baturaja,-4.1333,104.1667,72.9,98,100,2.46,ID,overcast clouds
488,Praya,14.9215,-23.5087,72.14,78,40,18.41,CV,scattered clouds
489,Tangi,34.3006,71.6536,82.09,32,37,5.32,PK,scattered clouds
490,Maxixe,-23.8597,35.3472,64.24,81,20,10.8,MZ,few clouds
491,Golden,39.7555,-105.2211,80.31,33,75,11.99,US,broken clouds
492,Huallanca,-9.8993,-76.9417,48.79,82,71,0.87,PE,broken clouds
493,Baherden,38.4362,57.4316,82.67,36,0,2.57,TM,clear sky
494,Nanhai,30.1282,111.7784,70.77,83,92,3.49,CN,overcast clouds
495,Nanakuli,21.3906,-158.1547,85.37,55,1,7.31,US,clear sky
496,Cukai,4.25,103.4167,77.14,94,18,3.71,MY,few clouds
497,Abu Dhabi,24.4667,54.3667,86.02,84,20,7.34,AE,few clouds
498,Dingle,10.9995,122.6711,81.18,82,100,0.92,PH,overcast clouds
499,Eydhafushi,5.1033,73.0708,83.17,73,66,20.02,MV,broken clouds
500,Torbay,47.6666,-52.7314,45.27,67,40,20.71,CA,scattered clouds
501,Melchor De Mencos,17.0686,-89.1522,82.4,78,40,6.91,GT,scattered clouds
502,Ha Noi,21.0245,105.8412,82.4,90,64,4.05,VN,broken clouds
503,Mirabad,30.4362,61.8383,83.98,23,0,11.74,AF,clear sky
504,Aranda De Duero,41.6704,-3.6892,59.13,89,95,6.22,ES,overcast clouds
505,Nantucket,41.2835,-70.0995,54.25,71,90,12.66,US,overcast clouds
506,Sistranda,63.7256,8.834,46.36,77,32,8.34,NO,scattered clouds
507,Mopti,14.6667,-4.0,96.35,29,99,14.81,ML,overcast clouds
508,Narsaq,60.9167,-46.05,52.02,41,94,16.35,GL,overcast clouds
509,Mankono,8.0586,-6.1897,78.49,68,97,3.33,CI,overcast clouds
510,Nizhneivkino,58.194,49.5214,57.51,97,99,4.65,RU,overcast clouds
511,Cranbrook,49.4999,-115.7688,60.64,29,40,13.33,CA,scattered clouds
512,Rawson,-43.3002,-65.1023,42.94,46,10,22.01,AR,clear sky
513,Beyneu,45.3167,55.2,79.5,35,16,7.02,KZ,few clouds
514,Kulhudhuffushi,6.6221,73.07,83.8,70,23,21.85,MV,few clouds
515,Khandbari,27.3747,87.2039,69.66,84,99,2.3,NP,overcast clouds
516,Road Town,18.4167,-64.6167,80.64,83,75,0.0,VG,broken clouds
517,Agadez,19.75,10.25,88.03,8,99,5.5,NE,overcast clouds
518,San,13.3034,-4.8956,91.8,38,95,13.31,ML,overcast clouds
519,Ballina,-28.8667,153.5667,57.78,61,90,14.97,AU,overcast clouds
520,Itoman,26.1247,127.6694,82.78,91,75,5.75,JP,broken clouds
521,Westport,41.1415,-73.3579,53.98,89,90,5.01,US,moderate rain
522,Caravelas,-17.7125,-39.2481,74.16,84,30,6.71,BR,scattered clouds
523,Bathsheba,13.2167,-59.5167,81.21,61,40,13.96,BB,scattered clouds
524,Juba,4.8517,31.5825,72.88,86,54,3.0,SS,broken clouds
525,Carauari,-4.8828,-66.8958,77.09,86,66,2.04,BR,broken clouds
526,Bandarbeyla,9.4942,50.8122,79.9,79,25,19.42,SO,scattered clouds
527,Andenes,69.3143,16.1194,39.18,70,90,4.61,NO,overcast clouds
528,Xingtai,37.0631,114.4942,81.19,17,48,12.01,CN,moderate rain
529,Souillac,-20.5167,57.5167,74.35,88,75,6.58,MU,broken clouds
530,Mayskiy,47.6931,40.1025,62.44,86,27,6.69,RU,scattered clouds
531,Yarmouth,41.7057,-70.2286,55.18,64,90,7.0,US,overcast clouds
532,Hervey Bay,-25.2986,152.8535,66.31,58,98,5.01,AU,overcast clouds
533,Gushikawa,26.3544,127.8686,81.99,73,90,8.68,JP,overcast clouds
534,Augusto Correa,-1.0217,-46.635,74.82,96,60,4.29,BR,broken clouds
535,Aden,12.7794,45.0367,89.15,55,100,8.01,YE,overcast clouds
536,Tamiahua,21.2667,-97.45,85.91,70,80,15.61,MX,broken clouds
537,Brawley,32.9787,-115.5303,102.09,9,1,4.25,US,clear sky
538,Phulabani,20.4667,84.2333,77.5,89,38,5.39,IN,scattered clouds
539,Namatanai,-3.6667,152.4333,80.98,80,95,8.95,PG,overcast clouds
540,Tadine,-21.55,167.8833,73.51,62,4,7.9,NC,clear sky
541,Fatehabad,29.5167,75.45,92.37,31,4,11.61,IN,clear sky
542,Mikkeli,61.6886,27.2723,44.71,61,0,3.44,FI,clear sky
543,Havoysund,70.9963,24.6622,34.68,66,99,17.94,NO,overcast clouds
544,Hualmay,-11.0964,-77.6139,66.58,85,22,9.51,PE,few clouds
545,Cloquet,46.7216,-92.4594,53.35,32,1,10.36,US,clear sky
546,Bilibino,68.0546,166.4372,46.09,61,47,0.78,RU,scattered clouds
547,Mizan Teferi,6.9833,35.5833,61.39,93,41,2.68,ET,scattered clouds
548,Shieli,44.1667,66.75,78.91,31,7,4.72,KZ,clear sky
549,Dicabisagan,17.0818,122.4157,84.02,74,20,5.97,PH,few clouds
550,Komsomolskiy,40.4272,71.7189,71.02,40,1,2.19,UZ,clear sky
551,Weinan,34.5036,109.5089,67.69,39,100,3.96,CN,overcast clouds
552,Soc Trang,9.6033,105.98,78.76,87,39,4.56,VN,scattered clouds
553,Camacha,33.0833,-16.3333,65.53,72,20,5.75,PT,few clouds
554,Coquimbo,-29.9533,-71.3436,56.93,88,90,1.36,CL,overcast clouds
555,Panguna,-6.3164,155.4848,72.46,92,100,2.46,PG,light rain
556,Abha,18.2164,42.5053,66.02,55,0,1.05,SA,clear sky
557,Faya,18.3851,42.4509,66.31,49,3,0.72,SA,clear sky
558,Nouadhibou,20.931,-17.0347,67.98,77,97,12.66,MR,overcast clouds
559,Kawalu,-7.3817,108.2082,71.96,97,71,1.03,ID,broken clouds
560,Arica,-18.475,-70.3042,68.23,68,0,1.77,CL,clear sky
561,Shasta Lake,40.6804,-122.3708,93.07,13,13,2.33,US,few clouds
562,Arroio Dos Ratos,-30.0772,-51.7292,61.09,99,100,2.42,BR,moderate rain
563,Harper,4.375,-7.7169,79.79,87,82,8.57,LR,light rain
564,Makakilo City,21.3469,-158.0858,83.95,55,1,13.8,US,clear sky
565,Fort-Shevchenko,44.5086,50.263,66.65,68,21,4.36,KZ,few clouds
566,Sabang,5.8933,95.3214,83.52,72,100,18.16,ID,overcast clouds
567,Chauk,20.8833,94.8167,84.22,59,12,9.33,MM,few clouds
568,Los Llanos De Aridane,28.6585,-17.9182,62.35,88,0,11.18,ES,clear sky
569,Aripuana,-9.1667,-60.6333,76.98,69,95,2.44,BR,overcast clouds
570,Pangkalanbuun,-2.6833,111.6167,74.73,98,63,1.16,ID,broken clouds
571,Nizwa,22.9333,57.5333,85.44,21,5,4.12,OM,clear sky
572,Sawakin,19.1059,37.3321,83.75,81,13,6.04,SD,few clouds
573,Udachnyy,66.4167,112.4,50.61,60,99,14.16,RU,overcast clouds
574,La Rioja,42.25,-2.5,61.48,83,100,6.42,ES,overcast clouds
575,Zafra,38.4167,-6.4167,70.88,53,19,2.01,ES,few clouds
576,Marrakesh,31.6315,-8.0083,68.07,73,0,9.22,MA,clear sky
577,Linfen,36.0889,111.5189,72.37,26,76,3.89,CN,broken clouds
578,Betare Oya,5.6,14.0833,68.4,93,73,1.21,CM,broken clouds
579,Troitsko-Pechorsk,62.7084,56.1964,45.28,78,84,5.59,RU,broken clouds
580,Brigantine,39.4101,-74.3646,62.89,93,90,16.89,US,overcast clouds
581,Panshi,42.9422,126.0561,56.34,70,95,4.61,CN,overcast clouds
582,Blythe,33.6103,-114.5964,103.03,7,14,13.89,US,few clouds
583,Ha Tinh,18.3333,105.9,78.94,84,95,3.96,VN,overcast clouds
584,Maltahohe,-24.8333,16.9833,55.49,22,13,7.4,NA,few clouds
585,Zarubino,42.63,131.0922,52.07,85,91,9.06,RU,overcast clouds
586,Poretskoye,55.1974,46.3291,60.21,74,92,3.98,RU,overcast clouds
587,Lithakia,37.7167,20.8333,60.08,67,0,2.3,GR,clear sky
588,Maragogi,-9.0122,-35.2225,77.32,76,39,10.51,BR,scattered clouds
589,Vryheid,-27.7695,30.7917,51.37,41,0,3.36,ZA,clear sky
590,Ternate,0.8,127.4,82.0,79,17,5.82,ID,few clouds
591,Moa,20.6569,-74.9403,79.43,80,50,9.1,CU,light rain
592,Yola,9.2,12.4833,85.24,52,38,3.27,NG,scattered clouds
593,Leona Vicario,20.9667,-87.1917,85.98,67,73,6.2,MX,broken clouds
594,Reigate,51.2376,-0.2078,57.24,76,0,1.01,GB,clear sky
595,Pyapon,16.2833,95.6833,81.7,81,100,2.3,MM,light rain
596,Batagay-Alyta,67.8006,130.4114,46.13,70,35,14.67,RU,scattered clouds
597,Bikin,46.8161,134.26,56.66,64,100,2.89,RU,overcast clouds
598,San Antonio,29.4241,-98.4936,89.1,64,40,1.99,US,scattered clouds
599,Myrtle Beach,33.6891,-78.8867,88.05,73,1,17.27,US,clear sky
600,Bati,11.1833,40.0167,68.56,31,4,3.15,ET,clear sky
601,Riyadh,24.6877,46.7219,91.45,15,0,3.44,SA,clear sky
602,Muisne,0.6,-80.0333,76.73,84,99,7.76,EC,overcast clouds
603,Grants Pass,42.439,-123.3284,82.62,25,1,1.01,US,clear sky
604,Tual,-5.6667,132.75,81.03,80,87,19.8,ID,overcast clouds
605,Simbahan,6.3032,120.5836,83.08,69,95,2.84,PH,overcast clouds
606,Conceicao Do Araguaia,-8.2578,-49.2647,80.73,61,0,3.06,BR,clear sky
607,Ukiah,39.1502,-123.2078,93.13,31,1,8.05,US,clear sky
608,Dano,11.15,-3.0667,87.71,46,93,1.72,BF,overcast clouds
609,Naryan-Mar,67.6713,53.087,39.02,95,100,8.41,RU,overcast clouds
610,Owando,-0.4819,15.8999,74.26,83,100,2.71,CG,overcast clouds
611,Lesozavodsk,45.4794,133.4244,53.85,74,100,4.23,RU,overcast clouds
612,Noshiro,40.2039,140.0242,63.54,80,100,9.15,JP,overcast clouds
613,Ust-Nera,64.5667,143.2,43.32,90,100,5.84,RU,light rain
614,Moroni,-11.7022,43.2551,74.3,73,3,3.69,KM,clear sky
615,Abu Zabad,12.35,29.25,87.21,17,25,6.42,SD,scattered clouds
616,Mabaruma,8.2,-59.7833,73.63,97,27,3.85,GY,scattered clouds
617,Flinders,-34.5833,150.8552,54.68,58,74,10.0,AU,broken clouds
618,Bayan,46.0833,127.4,55.94,70,97,3.13,CN,overcast clouds
619,Luwuk,-0.9516,122.7875,79.21,84,14,5.82,ID,few clouds
620,Bridlington,54.0831,-0.1919,55.58,93,57,6.29,GB,broken clouds
621,Lamani,14.2,-87.6167,85.82,41,100,3.44,HN,overcast clouds
622,Rabo De Peixe,37.8,-25.5833,58.51,72,20,5.82,PT,few clouds
623,Guiratinga,-16.3494,-53.7583,75.88,51,97,4.14,BR,overcast clouds
624,Colonial Heights,37.268,-77.4073,89.73,74,90,9.93,US,light rain
625,Makaha,21.4694,-158.2175,85.33,51,75,8.77,US,broken clouds
626,Ginir,7.1333,40.7,54.27,93,20,4.9,ET,few clouds
627,Kapoeta,4.7717,33.5903,77.38,52,35,5.28,SS,scattered clouds
628,Gwanda,-20.9333,29.0,55.72,34,0,4.14,ZW,clear sky
629,Ati,13.2154,18.3353,89.53,19,75,7.85,TD,broken clouds
630,Nabire,-3.3667,135.4833,79.7,83,67,3.44,ID,broken clouds
631,La Palma,33.8464,-118.0467,90.75,61,1,4.0,US,clear sky
632,Tura,25.5198,90.2201,72.23,95,6,3.6,IN,clear sky
633,Tanza,14.6753,120.9389,88.16,69,19,4.0,PH,few clouds
634,Bad Segeberg,53.9333,10.3167,49.42,97,37,6.46,DE,scattered clouds
635,San Jose De Guanipa,8.8872,-64.1651,82.92,57,64,12.39,VE,broken clouds
636,Shunyi,40.125,116.6453,64.83,63,0,13.42,CN,clear sky
637,Rorvik,64.8621,11.2373,45.99,78,62,6.64,NO,broken clouds
638,Ucluelet,48.9329,-125.5528,64.09,77,51,1.99,CA,broken clouds
639,Kuching,1.55,110.3333,75.42,100,75,0.0,MY,broken clouds
640,Rewa,24.5333,81.3,77.7,71,35,4.52,IN,scattered clouds
641,Mana,5.6592,-53.7767,77.22,90,63,11.07,GF,broken clouds
642,Kornye,47.5467,18.3208,56.3,90,51,6.55,HU,broken clouds
643,Macusani,-14.0833,-70.4333,35.69,81,30,4.05,PE,scattered clouds
644,Mwingi,-0.9344,38.0601,65.41,89,86,3.78,KE,overcast clouds
645,Luanda,-8.8368,13.2343,77.0,88,75,8.19,AO,broken clouds
646,Zhanakorgan,43.9098,67.2495,80.78,30,1,6.08,KZ,clear sky
647,Shurugwi,-19.6702,30.0059,49.28,30,0,2.8,ZW,clear sky
648,Mecca,21.4267,39.8261,88.09,43,75,2.35,SA,broken clouds
649,Dalbandin,28.8947,64.4101,81.41,20,0,1.32,PK,clear sky
650,Cap Malheureux,-19.9842,57.6142,74.46,78,13,5.01,MU,few clouds
651,Bahir Dar,11.5936,37.3908,67.6,60,43,2.19,ET,scattered clouds
652,Lesosibirsk,58.2358,92.4828,33.49,81,87,7.99,RU,overcast clouds
653,Carballo,43.213,-8.691,58.69,91,34,1.7,ES,scattered clouds
654,Peniche,39.3558,-9.3811,61.61,86,7,17.92,PT,clear sky
655,Oildale,35.4197,-119.0195,93.96,19,1,10.36,US,clear sky
656,Alice Springs,-23.7,133.8833,44.15,70,1,7.87,AU,clear sky
657,Shimoda,34.6667,138.95,73.51,91,100,15.23,JP,overcast clouds
658,Skelleftea,64.7507,20.9528,37.76,64,16,1.01,SE,few clouds
659,Antsla,57.8256,26.5406,47.95,91,56,4.38,EE,broken clouds
660,Penha,-26.7694,-48.6458,68.83,88,20,4.07,BR,few clouds
661,San Policarpo,12.1791,125.5072,80.87,84,81,1.92,PH,broken clouds
662,Okha,53.5739,142.9478,40.23,82,38,11.74,RU,scattered clouds
663,Trang,7.5,99.5,75.15,100,20,1.99,TH,few clouds
664,Fortuna,40.5982,-124.1573,84.18,66,1,4.0,US,clear sky
665,Savelugu,9.6244,-0.8253,87.19,51,67,2.04,GH,broken clouds
666,Summerville,33.0185,-80.1757,89.11,60,20,3.0,US,few clouds
667,Binga,-17.6203,27.3414,57.87,61,0,1.3,ZW,clear sky
668,Saint-Leu,-21.15,55.2833,68.86,69,0,4.27,RE,clear sky
669,Yarada,17.65,83.2667,86.32,89,40,7.94,IN,scattered clouds
670,Kyshtovka,56.555,76.6271,40.86,74,44,4.18,RU,scattered clouds
671,Durban,-29.8579,31.0292,66.02,87,72,3.0,ZA,broken clouds
672,Arlit,18.7369,7.3853,84.92,7,98,2.28,NE,overcast clouds
673,General Pico,-35.6566,-63.7568,60.76,36,99,20.96,AR,light rain
674,Sungaipenuh,-2.0833,101.3833,65.46,97,100,0.67,ID,light rain
675,Rudkobing,54.9364,10.7102,53.94,92,8,11.88,DK,clear sky
676,Ongandjera,-17.8833,15.0667,63.54,28,0,8.12,NA,clear sky
677,Sao Miguel Do Araguaia,-13.275,-50.1628,79.34,43,88,2.68,BR,overcast clouds
678,Saint-Georges,12.0564,-61.7485,80.28,78,20,13.8,GD,few clouds
679,Tocopilla,-22.092,-70.1979,66.6,76,20,7.09,CL,few clouds
680,Najran,17.4924,44.1277,75.85,21,11,3.33,SA,few clouds
681,Sterling,39.0062,-77.4286,69.6,92,90,1.01,US,overcast clouds
682,Bairiki,1.3292,172.9752,86.0,79,75,11.36,KI,moderate rain
683,Malkangiri,18.35,81.9,83.21,53,50,0.89,IN,scattered clouds
684,Chavakkad,10.5333,76.05,79.97,80,87,4.34,IN,overcast clouds
685,Masuguru,-11.3667,38.4167,70.05,75,92,1.79,TZ,overcast clouds
686,Kushmurun,52.4503,64.6311,59.04,43,0,8.28,KZ,clear sky
687,Busayra,30.7376,35.6078,64.6,37,0,5.01,JO,clear sky
688,Atambua,-9.1061,124.8925,73.31,80,62,5.08,ID,broken clouds
689,Chikwawa,-16.0335,34.8009,62.91,53,0,4.05,MW,clear sky
690,Ust-Kuyga,70.0167,135.6,43.14,69,66,12.95,RU,broken clouds
691,Olafsvik,64.8945,-23.7142,49.41,77,100,29.77,IS,overcast clouds
